https://img2.baidu.com/it/u=3992980869,727692784&fm=253&app=138&f=JPEG?w=655&h=1049
https://inews.gtimg.com/om_bt/OOBw_Hiv-pe2bPnb_E4BwGjcTtr6CPOjVwrkNkn7NdgO0AA/641
https://pic.rmb.bdstatic.com/bjh/news/bccbbfaa83085766dc9b08a1ae353650.png
https://b0.bdstatic.com/ugc/HyopHFEluqMe2k6YhLP-Tg022a308796c0ddb6376886ea76e6d4b3.jpg
https://img.soogif.com/KNrCJFsDGs4nNPydYAdGRcl8WC9b750m.gif_jpg
https://pic.rmb.bdstatic.com/bjh/other/d0cc585ec7d402e376bdd88e9891b094.png?for=bg
https://b0.bdstatic.com/ugc/8UzMQMJzlSy0o21AlRPfLwdcbc26698976f1e3669e396daac47605.jpg
https://img1.baidu.com/it/u=4187017423,2103059782&fm=253&app=138&f=JPEG?w=500&h=500
https://img1.baidu.com/it/u=32246574,3659785784&fm=253&fmt=auto&app=138&f=JPEG?w=808&h=800
https://img-blog.csdnimg.cn/20200409211717993.png
https://img0.baidu.com/it/u=1693109848,438138525&fm=253&fmt=auto&app=138&f=JPEG?w=500&h=802
https://i0.hdslb.com/bfs/article/c857a80f74a1d4577a3779055ecac6d0353403349.png@1192w_1192h.webp
https://pic.rmb.bdstatic.com/bjh/251025/dump/f419b678ece2cc04b80e2e0a586c3006.png
https://i0.hdslb.com/bfs/new_dyn/fab396c6e3b1703ea6da31ee8bde8f833546597988239457.jpg@1192w.webp
